PRODCODE,BARCODE
C01623300, 4977766666695
000008857040006538,000008857040006538
C02310620,0084511362581
C02310640,0084511365049
C06630020,00902519
C01640010,010343600003
C01630010,010343601802
C01630050,010343602977
C01630030,010343605480
C01630550,010343812628
C02113290,01100150
C05610990,021200003394
C04210250,021200058851
C04210240,021200073397
C05610190,021200418211
C05610910,021200516979
C01240050,021200530401
C05610860,021200665301
C05610070,021200699313
C05610110,021200716720
C01130120,027242816510
C01130100,027242852273
C01120180,027242852389
C01130060,027242852464
C01120150,027242852563
C01130040,027242852686
C01130040,027242852693
C01130070,027242852761
C01130130,027242852884
C03850550,03200582
C10220180,036000672121
C10220190,036000672213
C10220200,036000672268
C05413460,040459070001
C05413470,040459070018
C05413480,040459070025
C05413980,040459070032
C05413500,040459070049
C05413510,040459070056
C05413520,040459070063
C05413530,040459070070
C05413580,040459070124
C05413600,040459070148
C05413630,040459070179
C05413640,040459070186
C05413970,040459070193
C05413660,040459070216
C05413670,040459070223
C05413900,040459072005
C05413910,040459072012
C05413920,04045907202
C05413920,040459072029
C07261040,043859679911
C07261050,043859679997
C08241830,048011140025
C04270210,048011192192
C02710190,04801177
C01120050,051122166273
C01120080,051122173011
C01130370,051122173387
C10220250,051138290085
C08110640,070177010768
C08110650,070177010775
C08110690,070177118525
C02310610,071641371132
C02740300,072512167106
C02740330,072512167229
C02740340,072512167250
C02740320,072512167281
C03540500,079916473017
C03540530,079916474014
C02160410,084511306363
C02160580,084511306448
C02312170,084511307582
C02312150,084511307612
C02312160,084511307667
C02160450,084511318373
C02310620,084511362581
C02521110,084511362857
C02310640,084511365049
C02521120,084511390362
C02521130,084511390379
C02521140,084511390386
C02521150,084511390393
C02521160,084511390409
C02521190,084511390416
C02521170,084511390454
C02521180,084511390461
C08221000,08850002015845
C08120000,08850124007896
C08110100,08850124017017
C08110440,08850124025975
C08110820,08850127002317
C08110710,08850127064209
C08110750,08850127064216
C01613830,088698445419
C03310200,091511200195
C03320080,091511500455
C03040340,092399558842
C03012590,092399609889
C01220280,097855067128
C03330070,1003942
C02310640,10084511365046
C02711770,1400200001
C02711790,1400200002
C02513060,1400200003
C01140510,1400400001
C01230030,1400400006
C01250100,1400400007
C01250110,1400400008
C01260010,1400400009
C01260480,1400400010
C01260620,1400400011
C01260630,1400400012
C01320310,1400400016
C01320330,1400400018
C01610750,1400400021
C01611400,1400400022
C01613020,1400400023
C01613030,1400400024
C01622460,1400400025
C01622490,1400400026
C01622750,1400400027
C01623100,1400400028
C01623430,1400400029
C01623520,1400400030
C01623680,1400400031
C01623690,1400400032
C01623960,1400400034
C01623970,1400400035
C01623980,1400400036
C01623990,1400400037
C01624030,1400400038
C01624040,1400400039
C01624050,1400400040
C01624060,1400400041
C01630570,1400400043
C01630580,1400400044
C01640000,1400400045
C01640760,1400400046
C01641150,1400400047
C01641170,1400400048
C01641290,1400400049
C01641390,1400400050
C01641710,1400400051
C01642280,1400400052
C01810460,1400400053
C02113350,1400400056
C02113370,1400400057
C02113510,1400400058
C02114080,1400400062
C02115210,1400400065
C02115220,1400400066
C02116710,1400400067
C02116740,1400400068
C02116750,1400400069
C02116770,1400400070
C02116780,1400400071
C02117240,1400400075
C02134090,1400400076
C02134100,1400400077
C02134110,1400400078
C02134120,1400400079
C02134190,1400400083
C02134200,1400400084
C02134210,1400400085
C02134220,1400400086
C02134230,1400400087
C02134240,1400400088
C02213330,1400400089
C02213340,1400400090
C02213350,1400400091
C02213360,1400400092
C02213370,1400400093
C02213640,1400400095
C02213980,1400400096
C02213990,1400400097
C02214000,1400400098
C02214010,1400400099
C02214020,1400400100
C02215030,1400400101
C02310090,1400400109
C02310140,1400400113
C02310160,1400400114
C02310170,1400400115
C02310180,1400400116
C02310190,1400400117
C02310200,1400400118
C02310210,1400400119
C02310220,1400400120
C02310230,1400400121
C02310420,1400400122
C02310430,1400400123
C02310440,1400400124
C02310490,1400400125
C02310790,1400400126
C02310800,1400400127
C02311310,1400400131
C02311320,1400400132
C02312180,1400400133
C02312190,1400400134
C02312200,1400400135
C02320030,1400400136
C02320040,1400400137
C02320050,1400400138
C02413190,1400400154
C02413230,1400400155
C02413240,1400400156
C02413250,1400400157
C02414020,1400400158
C02414030,1400400159
C02414040,1400400160
C02420010,1400400162
C02420030,1400400164
C02520090,1400400165
C02530220,1400400167
C02530230,1400400168
C02530240,1400400169
C02530250,1400400170
C02530260,1400400171
C02530410,1400400175
C02530420,1400400176
C02530430,1400400177
C02613370,1400400178
C02613430,1400400180
C02613440,1400400181
C02613490,1400400182
C02620220,1400400184
C02620240,1400400185
C02620250,1400400186
C02711110,1400400187
C02711120,1400400188
C02711130,1400400189
C02711140,1400400190
C02711150,1400400191
C02711170,1400400192
C02711180,1400400193
C02712060,1400400195
C02720060,1400400197
C02720170,1400400198
C02720580,1400400200
C02730000,1400400201
C02730530,1400400204
C02740300,1400400205
C02740310,1400400206
C02810010,1400400207
C03010100,1400400208
C03010110,1400400209
C03010120,1400400210
C03010130,1400400211
C03010150,1400400212
C03010160,1400400213
C03010190,1400400214
C03010200,1400400215
C03010210,1400400216
C03010220,1400400217
C06311640,1400400220
C03330000,1400400221
C11110440,1400400222
C01120030,1400700001
C01120420,1400700006
C01130030,1400700007
C01130070,1400700010
C01130080,1400700011
C01130120,1400700013
C01130130,1400700014
C01130520,1400700015
C01140050,1400700016
C02140400,1400700018
C02310240,1400700019
C02710160,1400700020
C02710960,1400700022
C02711000,1400700023
C02712010,1400700026
C02750020,1400700027
C02113400,1400700028
C03010210,1400700031
C02730000,1400700032
C06310070,1400700035
C03730010,14100017
C07330030,14984824089027
C07330040,14984824089195
C07330230,14984824089355
C08211020,1500200002
C08210940,1500200003
C03410000,1500200004
C08210030,1500200005
C08210340,1500200006
C08120010,1500200008
C06410010,1500200009
C08210840,1500200010
C08110840,1500200011
C05810180,1500400002
C03320430,1500400004
C03430450,1500400005
C06180930,1500400006
C03720490,1500400007
C03720480,1500400008
C03810040,1500400009
C03330010,1500400010
C04230320,1500400011
C04313760,1500400012
C08240020,1500400013
C08240040,1500400014
C10350000,1500400015
C10350010,1500400016
C10350020,1500400017
C10350030,1500400018
C10350040,1500400019
C10350050,1500400020
C04350070,1500400021
C04350100,1500400022
C03010050,1500400023
C03040050,1500400024
C04260530,1500400025
C03730040,1500400026
C05830360,1500400027
C05122590,1500400028
C05122880,1500400029
C05810170,1500400030
C05810160,1500400031
C05122860,1500400032
C08241820,1500400033
C08241130,1500400034
C08241220,1500400035
C03840090,1500400037
C05751040,1500400038
C06180190,1500400039
C06180200,1500400040
C06180210,1500400041
C06181030,1500400042
C03320440,1500400043
C05122720,1500400044
C05123100,1500400045
C01320040,1500400046
C06640140,1500400047
C07150060,1500400048
C01645470,1500400049
C01645480,1500400050
C01645490,1500400051
C01645500,1500400052
C08210920,1500400054
C08210940,1500400055
C08241310,1500400056
C08241750,1500400057
C08240030,1500400059
C02730030,1500400060
C04243014,1500400061
C04230330,1500400062
C04230350,1500400063
C03720440,1500400064
C05122780,1500400066
C08241010,1500400067
C04350110,1500400068
C02113310,1500400069
C02113320,1500400070
C05122970,1500400071
C06180220,1500400072
C05830040,1500400073
C05122650,1500400075
C05122680,1500400076
C06121560,1500400080
C06122710,1500400081
C06122720,1500400082
C04243083,1500400083
C04243090,1500400084
C04243106,1500400085
C04243113,1500400086
C04243120,1500400087
C04243137,1500400088
C04243144,1500400089
C04243199,1500400093
C04243212,1500400095
C10220040,1500400096
C10220050,1500400097
C08241340,1500400098
C10220070,1500400099
C04333450,1500400100
C04333460,1500400101
C04333510,1500400102
C03430420,1500400103
C03430430,1500400104
C05830000,1500400105
C05122700,1500400108
C06620040,1500400110
C06620060,1500400111
C03430220,1500400112
C08221020,1500400113
C08240940,1500400114
C08240950,1500400115
C08240000,1500400116
C08241250,1500400117
C05123080,1500400118
C05123010,1500400119
C05123060,1500400120
C05123070,1500400121
C05123090,1500400122
C08241330,1500400123
C04280380,1500400125
C04220210,1500400126
C04220220,1500400127
C04220240,1500400128
C04220200,1500400129
C04320190,1500400130
C04320210,1500400131
C03720410,1500400132
C04260050,1500400133
C04313670,1500400134
C04313680,1500400135
C04313690,1500400136
C03320320,1500400137
C03330040,1500400138
C06620830,1500400139
C03410000,1500400141
C06180960,1500400142
C06180230,1500400143
C10370000,1500400144
C10220080,1500400145
C08130120,1500400146
C04243229,1500400147
C07260890,1500400150
C02310650,1500400151
C05220350,1500400152
C04260150,1500400153
C05122750,1500400154
C03010480,1500400155
C05123250,1500400156
C05123270,1500400157
C04333480,1500400158
C04333490,1500400159
C04333500,1500400160
C10220090,1500400161
C04313730,1500400162
C04313720,1500400163
C04313740,1500400164
C04313710,1500400165
C04260520,1500400166
C03010300,1500400167
C06180940,1500400168
C05830020,1500400169
C10230100,1500400170
C04333440,1500400171
C03320650,1500400172
C04260030,1500400173
C06620050,1500400175
C06620070,1500400176
C03010320,1500400177
C03720430,1500400178
C03720500,1500400179
C03040390,1500400180
C01140050,1500400181
C08241230,1500400182
C08241240,1500400183
C06130350,1500400184
C04243350,1500400185
C04243410,1500400186
C04243380,1500400187
C04243360,1500400188
C04333430,1500400189
C03010510,1500400191
C06121270,1500400192
C05122600,1500400193
C04243007,1500400194
C04243045,1500400195
C04243069,1500400196
C05121530,1500400197
C04333470,1500400198
C04313750,1500400199
C06180170,1500400200
C06620910,1500400201
C08211110,1500400202
C06620120,1500400203
C03830490,1500400204
C05123420,1500400205
C05123430,1500400206
C05123440,1500400207
C05123450,1500400208
C03330840,1500400209
C03720420,1500400210
C03720890,1500400211
C06510800,1500400212
C03430040,1500400213
C01120360,1500400215
C06620920,1500400216
C11110630,1500400218
C03430410,1500400219
C11110480,1500400220
C01641430,1500400221
C05123020,1500400222
C07330110,1500400223
C04243021,1500400224
C04243370,1500400225
C03720510,1500400226
C04243052,1500400227
C03823380,1500400228
C05830050,1500400229
C06130430,1500400230
C05122990,1500400231
C02730520,1500400232
C07150070,1500400233
C01643070,1500400234
C11310400,1500400235
C11610310,1500400236
C06181000,1500400237
C06181010,1500400238
C06181020,1500400239
C04360030,1500400240
C05123000,1500400241
C04313700,1500400242
C03430070,1500400243
C03430080,1500400244
C07330220,1500400245
C07260370,1500400246
C05122790,1500400247
C01641450,1500400248
C05122980,1500400249
C02311930,1500400250
C11610210,1500400251
C08210970,1500400252
C04320190,1500400253
C04320180,1500400254
C08241740,1500400255
C08210830,1500400256
C08241630,1500400257
C08241660,1500400258
C08241610,1500400259
C04333043,1500400260
C04333036,1500400261
C04333012,1500400262
C05122690,1500400263
C04320170,1500400264
C05122610,1500400265
C11110560,1500400266
C05122710,1500400267
C05122730,1500400268
C05122740,1500400269
C04244170,1500400270
C04244270,1500400271
C04244280,1500400272
C04244300,1500400273
C01120080,1500400274
C8858741716368A,1500400275
C11610250,1500400276
C11610320,1500400277
C04243038,1500400278
C05220340,1500400280
C06620470,1500400281
C04280380,1500400282
C03721650,1500400283
C06122760,1500400284
C03740030,1500400285
C08110750,1500400286
C01530110,1500400287
C03720400,1500400288
C10320010,1500400289
C10320030,1500400290
000990002000001017,1500400291
C05010780,1500400292
C06620100,1500400293
C06620010,1500400294
C08260140,1500400295
C08210820,1500400296
C01330050,1500400297
C06121570,1500400298
C04260020,1500400299
C08210150,1500400300
C04220580,1500400301
C12210060,1500400302
C03010250,1500400303
C08210980,1500400304
C02117260,1500400305
C02117270,1500400306
C03721120,1500400307
C06174060,1500400308
C05920030,1500400309
C05123030,1500400310
C06111370,1500400311
C06174070,1500400312
C03012610,1500400313
C08230090,1500400314
C04320160,1500400315
C04320200,1500400316
C05123040,1500400317
C03721280,1500400318
C11610200,1500400319
C10220100,1500400320
C05920030,1500400321
C05752200,1500400322
C04243400,1500400323
C05320330,1500400324
C06640170,1500400325
C06710300,1500400326
C08110410,1500400327
C02712070,1500400328
C03360180,1500400329
C08110780,1500400331
C06220500,1500400332
C06220520,1500400333
C10420130,1500400334
C04333005,1500400335
C06120930,1500400336
C08240130,1500400337
C04320220,1500400338
C03010460,1500400339
C08211130,1500400340
C03330060,1500400341
C08220840,1500400342
C09320290,1500400343
C01641690,1500400344
C06215340,1500400345
C10220250,1500400346
C05413490,1500400347
C11310180,1500400348
C02120380,1500400349
C02120390,1500400350
C02120400,1500400351
C05830090,1500400352
C03012600,1500400353
C10410070,1500400354
C10420000,1500400355
C06810000,1500400356
C06810010,1500400357
C06810010,1500400358
C06810020,1500400359
C08240740,1500400360
C01510280,1500400361
C03350120,1500400362
C05122640,1500400363
C05122620,1500400364
C05123150,1500400365
C10420010,1500400366
C05123110,1500400367
C01510270,1500400368
C05220330,1500400369
C05420170,1500400370
C08210840,1500400371
C02520690,1500400372
C03721680,1500400373
C08240700,1500400374
C06710500,1500400375
C06710510,1500400376
C10220260,1500400377
C04110050,1500400378
C03620070,1500400379
C05122670,1500400380
C03010330,1500400381
C02520830,1500400382
C06310050,1500400383
C06640120,1500400384
C04260140,1500400385
C04260140,1500400386
C04260120,1500400387
C07200620,1500400388
C06640260,1500400389
C01641470,1500400390
C03823510,1500400391
C03010390,1500400392
C11630080,1500400393
C11630090,1500400394
C11630100,1500400395
C06310310,1500400396
C01510210,1500400397
C02520700,1500400398
C11130030,1500400399
C05320350,1500400400
C04280630,1500400401
C06660000,1500400402
C02116190,1500400403
C01630610,1500400404
C04150020,1500400405
C03721150,1500400406
C08240750,1500400407
C03720030,1500400408
C11110110,1500400409
C03721000,1500400410
C03810320,1500400411
C08110760,1500400412
C06610460,1500400413
C05413900,1500400414
C03721690,1500400415
C04333730,1500400416
C08221070,1500400417
C08240010,1500400418
C08220770,1500400419
C04333650,1500400420
C06174050,1500400421
C03960050,1500400422
C02520710,1500400423
C02520730,1500400424
C02520750,1500400425
C02520780,1500400426
C02520790,1500400427
C10510020,1500400428
C04313106,1500400429
C04260190,1500400430
C10420140,1500400431
C05123120,1500400432
C08211020,1500400433
C03320040,1500700002
C02310650,1500700003
C05920260,1500700004
C05910520,1500700005
C08210900,1500700006
C05910460,1500700010
C05910570,1500700011
C03823420,1500700012
C03823290,1500700013
C03823570,1500700014
C03824120,1500700015
C08110770,1500700016
C05910510,1500700017
C03823340,1500700018
C03823360,1500700019
C03823430,1500700021
C03823370,1500700022
C03823300,1500700023
C03823320,1500700024
C03823400,1500700025
C06213120,1500700026
C04360020,1500700027
C04360030,1500700028
C05420020,1500700033
C05420180,1500700034
C08240040,1500700036
C08240010,1500700037
C03823470,1500700038
C03823280,1500700039
C03823310,1500700041
C10220100,1500700042
C04320140,1500700043
C06310060,1500700044
C06310080,1500700046
C08130060,1500700047
C05920270,1500700048
C05130060,1500700049
C03850550,1500700051
C06620810,1500700053
C03823440,1500700054
C03823350,1500700055
C03823380,1500700056
C03823450,1500700057
C08241760,1500700058
C06310500,1500700059
C03823270,1500700060
C07320140,1500700061
C06310050,1500700062
C03823480,1500700063
C03823500,1500700064
C03823540,1500700065
C06410030,1500700066
C03824100,1500700068
C08210820,1500700069
C03920000,1500700070
C05910470,1500700071
C03823550,1500700072
C05920310,1500700073
C05910590,1500700074
C05910600,1500700075
C03850080,1500700076
C05910540,1500700077
C03823520,1500700078
C06310000,1500700080
C08211100,1500700081
C08110710,1500700082
C06213100,1500700083
C10220070,1500700084
C03823460,1500700085
C06310190,1500700086
C08221290,1500700087
C08110100,1500700089
C01140510,1500700090
C03823330,1500700091
C05910530,1500700092
C05420170,1500700093
C06181000,1500700094
C06181010,1500700095
C06181020,1500700096
C03823530,1500700097
C07330030,1500700098
C07330040,1500700099
C05910500,1500700100
C03824110,1500700101
C03823560,1500700102
C03823510,1500700103
C06213500,1500700104
C06213520,1500700105
C06310250,1500700106
C06150180,1500700107
C06150150,1500700108
C06180220,1500700109
C06310880,1500700110
C06130430,1500700111
C06110010,1500700112
C06110020,1500700113
B8858741704198Q,1500700114
B8858741715453C,1500700115
B8858741300260BN,1500700116
C8858741717914E,1500700117
C8858741717914D,1500700118
C8858741717914C,1500700119
C8858741717914B,1500700120
C8858741717167B,1500700121
C8858741717167C,1500700122
C8858741717167D,1500700123
C8858741717167E,1500700124
C8858741718164A,1500700125
C8858741718164B,1500700126
C8858741718164C,1500700127
C8858741718164D,1500700128
C8858741718164E,1500700129
C8858741718164F,1500700130
C8858741718164G,1500700131
C8858741718164H,1500700132
C8858741718164J,1500700133
C8858741718164K,1500700134
C8858741718379A,1500700135
C8858741718379B,1500700136
C8858741718379C,1500700137
C8858741718379D,1500700138
C8858741718386A,1500700139
C8858741718386B,1500700140
C8858741718386C,1500700141
C8858741718386D,1500700142
C03823490,1500700143
C03824570,1500700144
C02310200,1500700145
C03850110,1500700146
C03410000,1500700147
000208010701812653,1501100001
000208140800312652,1501100002
000208040800612652,1501100003
000208780801372452,1501100005
000208780701242422,1501100006
000208140800672452,1501100007
000208780801312652,1501100008
000208780701242422,1501100009
000208790701212652,1501100010
000208140800622402,1501100011
000208010801512652,1501100012
C05910610,1600200001
C08211200,1600200002
C08250040,1600200003
C01520360,1600400001
C01130030,1600400002
C09320310,1600400003
C08211140,1600400004
C03350230,1600400005
C01645510,1600400006
C08211160,1600400007
C07210360,1600400008
C03120060,1600400009
C03210130,1600400010
C11210380,1600400011
C06510130,1600400012
C02810510,1600400013
C05413650,1600400014
C03720460,1600400015
C08220950,1600400016
C11130040,1600400017
C11240350,1600400018
C07350170,1600400019
C07350180,1600400020
C06510850,1600400021
C06510860,1600400022
C068100000,1600400023
C068100020,1600400024
C10520020,1600400025
C08130060,1600400026
C08221060,1600400027
C01641400,1600400028
C05123490,1600400029
C05920230,1600400030
C03011170,1600400031
C03012720,1600400032
C06166120,1600400033
C06166130,1600400034
C06166140,1600400035
C06640210,1600400036
C06640220,1600400037
C02613070,1600400038
C11110470,1600400039
C06620980,1600400040
C08211180,1600400041
C10420180,1600400042
C09640030,1600400043
C12210050,1600400044
C08221120,1600400045
C03720470,1600400046
C05123330,1600400047
C05123290,1600400048
C03330710,1600400049
C03010520,1600400050
C09640020,1600400051
C05123570,1600400052
C03721700,1600400053
C05020730,1600400054
C06310480,1600400055
C10360000,1600400056
C12210070,1600400057
C06140190,1600400058
C11630010,1600400059
C04333740,1600400060
C10220100,1600400061
C04210380,1600400062
C06121300,1600400063
C12130060,1600400064
C12210010,1600400065
C03220160,1600400066
C01520310,1600400067
C03012720,1600400068
C06181250,1600400069
C06181260,1600400070
C06181270,1600400071
C06181280,1600400072
C06181290,1600400073
C11610300,1600400074
C11610190,1600400075
C06630000,1600400076
C03740000,1600400077
C03120080,1600400078
C03720620,1600400079
C12110100,1600400080
C03720560,1600400081
C08320110,1600400082
C03040490,1600400083
C03040500,1600400084
C03040510,1600400085
C04120290,1600400086
C05510130,1600400087
C01624310,1600400088
C02530470,1600400089
C02530480,1600400090
C02530490,1600400091
C04250210,1600400092
C04250220,1600400093
C04250230,1600400094
C04250240,1600400095
C04250250,1600400096
C08221320,1600400097
C02712180,1600400098
C01510310,1600400099
C05321440,1600400100
C01520380,1600400101
C11110540,1600400102
C06311650,1600400103
C06166100,1600400104
C08210430,1600400105
C03721240,1600400106
C04220070,1600400107
C05122910,1600400108
C04333590,1600400109
C01520210,1600400110
C04340120,1600400111
C03721270,1600400112
C07260910,1600400113
C12210130,1600400114
C08241850,1600400115
C08241840,1600400116
C08241870,1600400117
C05420180,1600400118
C04280650,1600400119
C07261120,1600400120
C06230480,1600400121
C05420220,1600400122
C05123970,1600400123
C05123980,1600400124
C05123990,1600400125
C05122930,1600400126
C03721330,1600400127
C06670050,1600400128
C01330070,1600400129
C08211140,1600700001
C05910550,1600700002
C06174070,1600700003
C03850610,1600700004
C03850620,1600700005
C03850630,1600700006
C06180110,1600700007
C08211150,1600700008
C05420220,1600700009
C06310090,1600700010
C02113510,1600700011
C02310480,1600700012
C07111010,1600700013
C06410140,1600700014
C06213480,1600700015
C02520390,1600700016
C08211200,1600700017
C03824080,1600700018
C05920240,1600700019
C05920250,1600700020
C06311710,1600700021
C06311720,1600700022
C02710460,1600700023
C02730090,1600700024
C05420260,1600700025
C08110750,1600700026
C03824060,1600700027
C05420210,1600700028
000208140800622412,1601100001
000208780802712653,1601100002
000208140800672692,1601100003
000208010701422412,1601100004
000208780701272692,1601100005
C08210970,1700200001
C06215550,1700400001
C06620990,1700400002
C05124000,1700400003
C05124010,1700400004
C05124020,1700400005
C05124030,1700400006
C06640580,1700400007
C05413990,1700400008
C03510580,1700400009
C01140540,1700400010
C07260430,1700400011
C05321450,1700400012
C03020020,1700400013
C04320250,1700400014
C04320260,1700400015
C04320270,1700400016
C04320280,1700400017
C04320290,1700400018
C06213800,1700400019
C06213820,1700400020
C06215540,1700400021
C06630050,1700400022
C06630100,1700400023
C06630140,1700400024
C06180250,1700400025
C04320140,1700400026
C04250110,1700400027
C06230560,1700400028
C05020190,1700400029
C03540520,1700400030
C03040520,1700400031
C05122900,1700400032
C12130090,1700400033
C05752170,1700400034
C06410100,1700400035
C05910520,1700400036
C05321460,1700400037
C11110490,1700400038
C07200760,1700400039
C05413930,1700400040
C05413940,1700400041
C05413950,1700400042
C03721040,1700400043
C06630150,1700400044
C08241760,1700400045
C11310420,1700400046
C11310410,1700400047
C05414000,1700400048
C08110910,1700400049
C05124080,1700400050
C05124090,1700400051
C05124100,1700400052
C05124110,1700400053
C05124130,1700400054
C05124140,1700400055
C05124120,1700400056
C03721080,1700400057
C05414010,1700400058
C05414020,1700400059
C05414030,1700400060
C06620820,1700400061
C11110650,1700400062
C08110930,1700400063
C05124040,1700400064
C05124050,1700400065
C05124060,1700400066
C05124070,1700400067
C01510410,1700400068
C08221330,1700400069
C08221360,1700400070
C04260500,1700400071
C04260550,1700400072
C08211240,1700400073
C08241300,1700400074
C08241880,1700400075
C08241890,1700400076
C08241910,1700400077
C08241920,1700400078
C08241930,1700400079
C08241940,1700400080
C08241950,1700400081
C08241960,1700400082
C08241970,1700400083
C08241980,1700400084
C08241900,1700400085
C08221370,1700400086
C06640620,1700400087
C06640630,1700400088
C01641330,1700400089
C06511030,1700400090
C07261140,1700400091
C04260510,1700400092
C04260540,1700400093
C03721050,1700400094
C10410090,1700400095
C07200770,1700400096
C12130070,1700400097
C10420020,1700400098
C01510400,1700400099
C08211260,1700400100
C10420180,1700400101
C04350120,1700400102
C06620020,1700400103
C06122830,1700400104
C04333750,1700400105
C05122920,1700400106
A8858741705560A,1700400107
C06410230,1700400108
C06111510,1700400109
C05123790,1700400110
C01613790,1700400111
C04220230,1700400112
C02514100,1700400113
C02514150,1700400114
C04220590,1700400115
C04220600,1700400116
C04220610,1700400117
C04350150,1700400118
C06120050,1700400119
C08242030,1700400120
C08211290,1700400121
C06630170,1700400122
C01720500,1700400123
C10320140,1700400124
C11610410,1700400125
C01613540,1700400126
C03823420,1700400127
C03823440,1700400128
C05910530,1700400129
C06180930,1700700001
C06180940,1700700002
C06111320,1700700003
C05420270,1700700004
C08110880,1700700005
C03824580,1700700006
C03320030,1700700007
C03320030,1700700008
C02113000,1700700009
C02113010,1700700010
C02514170,1700700011
C03850650,1700700012
C03823390,1700700013
C08110940,1700700014
C08211250,1700700015
C08211230,1700700016
C07260370,1700700017
000208900808412652,1701100001
000208010701412652,1701100002
000208780701222412,1701100003
000208900704912652,1800200001
000208780801372492,1800200002
C04220080,1800400001
C03012750,1800400002
C05124170,1800400003
C04350130,1800400004
C06181370,1800400005
C05510150,1800400006
C06121350,1800400007
C03120780,1800400008
C03010270,1800400009
C03010340,1800400010
C08110470,1800400011
C09320450,1800400012
C06230260,1800400013
000008857040006583,1800400014
000008857040006583,1800400015
C02413110,1800400016
C08211360,1800400017
C08211370,1800400018
C04350180,1800400019
C07130460,1800400020
C08111000,1800400021
C03510750,1800400022
C03721230,1800400023
S8858741720235TH,1800400024
C02712310,1800400025
C02117520,1800400026
C05910620,1800700001
C05124150,1800700002
S8858741720235TH,1800700003
000208140700612652,1801100001
000208140800642752,1801100002
000208900704912652,1801100003
000208780701242752,1801100004
000208780801372492,1801100006
000208780801322412,1801100007
C08110800,18850290020047
C08130060,18850332141136
C06310430,18851907043237
C06213240,18851907093140
C05743600,18851907102903
C05750030,18851907110151
C08210920,18888336018307
C08210430,18888336018321
C08210940,18888336018604
C08210930,18888336018758
C08211420,1900200001
C11610460,1900400001
C06120260,1900400002
C01510500,1900400003
C01614460,1900400004
C08111020,1900400005
C05124220,1900400006
C03721100,1900400007
C08111010,1900400008
C05520150,1900400009
C11110030,1900400010
C03012760,1900400011
C02413160,1900400012
C04333400,1900400013
C04333760,1900400014
C02117550,1900400015
C05920260,1900700001
C03620070,1900700002
C03120090,19556781401201
C01622530,1PC9461A
C01611340,1PCB435A
C01612620,1pcb543a
C01613130,1PCE311A
C01613140,1PCE312A
C01613150,1PCE313A
C01612660,1PCE321A
C01612670,1PCE322A
C01612680,1PCE323A
C01613220,1pce411ac
C01612430,1PCE505A
C01613530,1PCF279A
C01613900,1PCF287A
C01624370,1PCZ107AA
C01624380,1PCZ108AA
C01624210,1PCZ637AA
C01624360,1PF6V26AA
C01624450,1PL0S63AA
C01624460,1PL0S66AA
C01624470,1PL0S69AA
C01624440,1PL0S72AA
C06620810,2000012343230
C06620820,2000012343476
C01320870,2100400001
C04350060,2100400002
C08211120,21439582
C05751030,245759001865
C03320450,24904011026120
C08110110,28850128403346
C03610040,28851907076034
C04110270,28851907097022
C04110280,28851907097039
C02213860,28851907104683
C02711140,28851907116020
C03311210,28851907119182
C03040450,28851907124087
C03311220,28851907126814
C03320480,28851907126845
C03340590,28851907129112
C03340610,28851907129136
C02613380,28851907133430
C02115150,28851907134949
C02115190,28851907134963
C03311350,28851907154855
C02213840,28851907194974
C02213830,28851907194981
C02213820,28851907194998
C02213850,28851907195001
C03311350,28951907154855
C07261140,32200256
C01641440,3320200485123
C01210400,3410411213512
C01220210,3410411213567
C01210550,3410411214649
C01210560,3410411214663
C01260640,3410411215196
C01210640,3410411215400
C01210640,3410411215431
C02613030,3474370026729
C02720050,3474370260505
C02730090,3474370505040
C02730070,3474370505828
C02620010,3474377920075
C02711220,3474377920945
C02711220,3474377920952
C02711220,3474377920969
C02711220,3474377920976
C02613040,3474377922086
C02710460,3474377922130
C02710470,3474377922147
C02711430,3501170770535
C02711450,3501170770542
C02711460,3501170770559
C02711440,3501170770566
C02711470,3501170770573
C08110590,38850086139001
C06110020,38851907013623
C06120230,38851907015399
C06110410,38851907018512
C06110010,38851907018536
C06120170,38851907029563
C06120780,38851907029570
C06120790,38851907029594
C06215340,38851907030194
C06120890,38851907098408
C06111240,38851907110667
C06122440,38851907120147
C06510820,38851907153688
C02513140,4004764000142
C02513080,4004764001330
C02513090,4004764001361
C02513890,4004764001606
C02513890,4004764001613
C02513900,4004764001644
C02513900,4004764001651
C02513910,4004764001682
C02513910,4004764001699
C02513920,4004764001729
C02513980,4004764001965
C02513880,4004764002351
C02513950,4004764003266
C02513950,4004764003273
C02513960,4004764003303
C02513960,4004764003310
C02513970,4004764003341
C02513970,4004764003358
C02513990,4004764003556
C02513930,4004764003792
C02513100,4004764004720
C02513110,4004764004751
C02513120,4004764007387
C02513130,4004764007417
C02513140,4004764007448
C02513150,4004764007479
C02513100,4004764008162
C02521250,4004764017461
C02521340,4004764017607
C02513110,4004764045013
C02513060,4004764058938
C02513940,4004764059331
C02513120,4004764066643
C02513130,4004764066650
C02513150,4004764066667
C02513080,4004764066681
C02513090,4004764066698
C02513210,4004764124428
C02513160,4004764125340
C01613140,4004B001
C02513400,4005401513513
C02513300,4005401523512
C02513310,4005401523635
C01613150,4005B001
C02213460,4006381111935
C02213460,4006381118743
C02213420,4006381215725
C02213440,4006381215732
C02213390,4006381215749
C02213470,4006381215756
C02213450,4006381215763
C02213430,4006381215770
C02213400,4006381215787
C02213410,4006381215794
C02213420,4006381333627
C02213440,4006381333634
C02213390,4006381333641
C02213470,4006381333658
C02213450,4006381333665
C02213430,4006381333672
C02213400,4006381333689
C02213410,4006381333696
C02730320,4006856505511
C02730310,4006856505535
C01613130,4006B001
C02710140,4007817108529
C02711060,4007817134481
C02514170,4007817304327
C02213370,4007817304440
C02213330,4007817304457
C02213340,4007817304464
C02514180,4007817304556
C02514160,4007817304563
C02213380,4007817304679
C02213360,4007817304686
C02213350,4007817304693
C02514000,4007817309278
C02514100,4007817310380
C02214400,4007817314531
C02514160,4007817319079
C02213380,4007817323366
C02213360,4007817323564
C02514170,4007817332276
C02514180,4007817332313
C02514160,4007817332474
C02140180,4007817334010
C02720270,4007817524206
C02720020,4007817524688
C02720020,4007817524701
C02720270,4007817530658
C01613120,4007B001
C01630320,4012700591364
C04150000,4015000402088
C04110060,4026700378313
C04120010,4026700401806
C04140080,4026700407563
C04140090,4026700407594
C04140100,4026700409819
C04150010,4026700443905
C04110060,40267609
C04110030,40267654
C04110050,40267708
C01624450,4514953944480
C01624460,4514953944497
C01624470,4514953944503
C01624440,4514953944510
C03012740,4710850100183
C03012730,4710850100381
C02720060,4711577007571
C02530410,4711577020624
C02530420,4711577020631
C02530430,4711577020648
C02810190,4711734015005
C03211090,4711734081000
C03110860,4711734114302
C03140030,4711734116306
C03430190,4711734822702
C05630560,4712759210079
C05630760,4712759210505
C05630690,4712759210666
C05630350,4712759210932
C05630080,4712759211335
C05630000,4712759211359
C05630130,4712759211663
C05630120,4712759211670
C05630730,4712759211922
C05630710,4712759212059
C05630140,4712759212097
C05630780,4712759213469
C05610780,4712759213551
C05630940,4712759213605
C05630970,4712759214671
C05630830,4712759230244
C05630980,4712759260043
C05631000,4712759260203
C03350160,4712833045603
C01120370,4718473003089
C01120420,4718473003096
C07330390,4891199003967
C07340110,4891199077685
C03140000,4891305501394
C03920000,4893053100508
C03140020,4893055110291
C01630570,4895093306278
C02117300,4895151402560
C02117320,4895151402577
C02117310,4895151402584
C07360130,4901660129727
C07340080,4901660139566
C01120170,4901780779369
C02133650,4901881168185
C02133680,4901881169601
C02620410,4901991585810
C02620410,4901991585827
C02620400,4901991585841
C02620390,4901991585872
C02620080,4901991703306
C02620090,4901991703313
C02620120,4901991703344
C02613050,4902506040558
C02730090,4902506042293
C02730070,4902506042316
C02613130,4902506049421
C02613070,4902506049940
C02712220,4902506053633
C02712250,4902506053640
C02712240,4902506053657
C02712230,4902506053664
C02710410,4902506058379
C02710430,4902506058393
C02710420,4902506058409
C02710440,4902506058416
C02710450,4902506058423
C02613040,4902506059086
C02710460,4902506059123
C02710490,4902506059154
C02310720,4902506070586
C02310730,4902506070593
C02310740,4902506070609
C02134160,4902506070883
C02134170,4902506070890
C02134180,4902506070906
C02134210,4902506070975
C02134170,4902506071170
C02134180,4902506071187
C02613350,4902506077042
C02712270,4902506079442
C02712260,4902506079459
C02712280,4902506079480
C02712290,4902506079503
C02712300,4902506079527
C02730120,4902506147899
C02730120,4902506149220
C02730000,4902506322456
C02520110,4902778150191
C02520010,4902778150245
C02520070,4902778150276
C02520080,4902778150283
C02520000,4902778150313
C02114300,4902778530313
C02114290,4902778530320
C02520390,4902778545492
C02520470,4902778545515
C02520480,4902778545553
C02520110,4902778558607
C02520120,4902778558614
C02520060,4902778558621
C02520050,4902778558645
C02520010,4902778558652
C02520030,4902778558669
C02520070,4902778558683
C02520080,4902778558690
C02520000,4902778558720
C02520040,4902778558737
C02520090,4902778558744
C02133290,4902778572832
C02133310,4902778572849
C02133300,4902778572856
C02114310,4902778717226
C02114350,4902778717264
C02114340,4902778717295
C02114360,4902778717325
C02133320,4902778751084
C02133340,4902778751091
C02133330,4902778751107
C02520390,4902778912256
C02520430,4902778912263
C02520420,4902778912294
C02520480,4902778912300
C02520490,4902778912317
C02520410,4902778912331
C02520460,4902778912348
C02520400,4902778912379
C02520440,4902778912386
C02520450,4902778912393
C02120060,4902778913765
C02120080,4902778913772
C02120070,4902778913789
C02120020,4902778913833
C02120010,4902778913840
C02114280,4902778918524
C02114300,4902778918531
C02114290,4902778918548
C03130010,4902870050061
C03630020,4902870085681
C03130000,4902870500016
C03110180,4902870610739
C03110190,4902870610746
C03130020,4902870643454
C03110050,4902870773199
C03110050,4902870773205
C03110050,4902870773328
C03110050,4902870773694
C03110050,4902870773700
C03110050,4902870773717
C03630220,4903331207802
C03630210,4903331207826
C03940100,4903331293416
C03320450,4904011026126
C10510010,4904785036932
C01630510,4949443083385
C01630540,4949443207392
C03110090,4955023061506
C01620250,4960999272689
C01620260,4960999272719
C01620270,4960999272863
C01620230,4960999273037
C01620210,4960999273389
C01620220,4960999273440
C01622450,4960999577982
C01622470,4960999578002
C01622480,4960999578019
C01622500,4960999617053
C01622510,4960999617077
C01623700,4960999669939
C01623690,4960999670089
C01623670,4960999670096
C01624010,4960999792347
C02810000,4971760001032
C03210070,4971760140632
C03210110,4971760140700
C03210017,4971760143015
C03210017,4971760143022
C03210017,4971760143046
C03210017,4971760143176
C03211070,4971760143466
C03960020,4971760171308
C03960030,4971760172312
C03960030,4971760172336
C03220140,4971760981426
C03220040,4971760981723
C03360710,4971760983000
C03360720,4971760983505
C07111670,4971850032151
C07111590,4971850032168
C07111580,4971850032229
C07111610,4971850032267
C07111650,4971850032304
C07110080,4971850032847
C07110210,4971850087731
C07111620,4971850087748
C07111830,4971850087779
C07111550,4971850087793
C07111810,4971850087809
C07111570,4971850087878
C07110160,4971850093114
C07111560,4971850094104
C07111840,4971850094159
C07250230,4971850101635
C07130700,4971850117384
C07110010,4971850163046
C07111630,4971850169284
C07111010,4971850178453
C07111000,4971850178491
C07110160,4971850187288
C07111590,4971850187295
C07110150,4971850187301
C07110120,4971850187325
C07110050,4971850187677
C07110080,4971850465713
C07111820,4974019023045
C07220070,4974019038469
C02310000,4974052801303
C02310010,4974052801310
C02310020,4974052801327
C02310270,4974052802317
C02310320,4974052804007
C02310340,4974052804014
C02310330,4974052804021
C02310320,4974052804205
C02310330,4974052804229
C02513580,4974052804809
C02513600,4974052804816
C02513590,4974052804823
C02513580,4974052805004
C02513600,4974052805011
C02513590,4974052805028
C02513190,4974052805110
C02310380,4974052807404
C02310400,4974052807411
C02310390,4974052807428
C02310410,4974052807435
C02530030,4974052816741
C02530020,4974052816819
C02413040,4974052821202
C02413050,4974052821219
C02413060,4974052821226
C02215240,4974052832215
C02215250,4974052832222
C02215260,4974052832239
C02215230,4974052832246
C02513170,4974052833762
C02530440,4974052845727
C02530460,4974052848568
C02160320,4974052853302
C02160340,4974052853906
C02160350,4974052854200
C02413040,4974052854569
C02413050,4974052854576
C02413060,4974052854583
C03040470,4974052979194
C03040480,4974052990205
C03040530,4974052990212
C03320180,4975364051561
C03120100,4977564000646
C01610750,4977766632706
C01612560,4977766655668
C01623900,4977766659307
C01623890,4977766659352
C01623910,4977766659383
C01623880,4977766659413
C01623300,4977766666695
C01623330,4977766666701
C01623320,4977766666718
C01623310,4977766666725
C07130170,4977766681858
C07130150,4977766682039
C07130110,4977766682244
C07130370,4977766682343
C07130190,4977766682435
C07130070,4977766687805
C07130140,4977766688222
C07130180,4977766688420
C01613110,4977766689267
C01623710,4977766698252
C01623730,4977766698269
C01623740,4977766698276
C01623720,4977766698283
C01613360,4977766721257
C01645512,4977766731379
C01645511,4977766731386
C01645513,4977766731409
C01645514,4977766731423
C01645515,4977766748124
C01645516,4977766748131
C01645517,4977766748148
C01645518,4977766748155
C07330030,4984824089020
C07330220,4984824089044
C07330320,4984824089150
C07330330,4984824089174
C07330040,4984824089198
C07330210,4984824089211
C07330230,4984824089358
C02133480,4992506065117
C02133500,4992506065131
C05020110,6001045241
C05020020,6001045242
C05020000,6001045243
C05020130,6001045244
C05413580,6004059070124
C01810670,619659102197
C06621090,6280031
C06621000,6280033
C06621030,6280034
C06621020,6280035
C06621010,628003k
C01613410,632983017272
C01613420,632983017302
C01613430,632983017333
C01613440,632983017364
C03430420,6852241501792
C08110870,6901118910325
C08110900,6901118910332
C10370010,69012952
C10370030,6901750112637
C10370000,6901750112651
C10370020,6901750112668
C03120240,6907409124068
C06213330,6914622700818
C06215180,6914622701181
C06215190,6914622701198
C06174070,6914622703109
C03210040,6921615490106
C03640010,6921734902405
C06410010,6923656580501
C02712000,6924246165115
C03430880,6924246166310
C06130440,6926032300106
C06174050,6926032308553
C06174200,6926032308584
C06215380,6926032311560
C06215390,6926032311577
C03810100,6926032329435
C03810060,6926032329510
C03120230,6932176218085
C03120250,6932176218092
C03120230,6932176228084
C02115640,6935804916759
C03540430,6935834030128
C02117280,6935840916737
S6959421408008TH,6959421408008
C07390000,705702104185
C07390000,705702104574
C07390000,705702260621
C01620130,725184724992
C01810460,740617169836
C01810480,740617169843
C01810640,740617169850
C01810680,740617255638
C01810680,740617255676
C01810690,740617255737
C02113310,8 850508 057882
C02113320,8 850508 057998
C01624260,808736779647
C01624270,808736779661
C01624280,808736779685
C01624290,808736779708
C01624300,808736779722
C01612620,808736839204
C01611130,829160703060
C01611140,829160703077
C01611110,829160703084
C01611120,829160703091
C02520980,84511301818
C02521040,84511301825
C02521000,84511301856
C02521070,84511362840
C02214390,8801067061407
C02133590,8802203023167
C02133610,8802203023174
C02133600,8802203023181
C02133610,8802203023204
C02133640,8802203530740
C02133620,8802203530757
C02133630,8802203531679
C04110220,8802946000081
C04110230,8802946000159
C04110070,8802946000258
C04110240,8802946000357
C06410130,8802966120400
C07261130,8803463203092
C07260900,8803463339838
C07260930,8803463339845
C01613520,8806071032207
C01613510,8806071672731
C01613500,8806085996236
C02114600,8809078873668
C01620000,882780046580
C01620010,882780046597
C01622020,882780624924
C01622030,882780624931
C01611340,882780905207
C01622530,882780987159
C01622620,882780987166
C01622630,882780987173
C01623120,882780987258
C01612840,882780987265
C01611350,883585007592
C01612430,883585695775
C01621930,883585956586
C01621940,883585956623
C01622760,883585956661
C01622310,883585956685
C01622740,883585956692
C01622750,883585956708
C01622670,883585963577
C01612810,884420133698
C01612540,884420588689
C01612550,884420588702
C01510200,884420709275
C01612660,884420854517
C01612670,884420854524
C01612680,884420854531
C02134640,884851006653
C02134640,884851006660
C02134650,884851006684
C02134650,884851006691
C02134630,884851006714
C02613130,884851020154
C02613050,884851020161
C01613120,884962161128
C01613130,884962161135
C01613140,884962161142
C01613150,884962161159
C01613330,884962772348
C01613210,884962772355
C01613220,884962772362
C01613230,884962772379
C01613240,884962772386
C01622810,884962826836
C01622820,884962826850
C08221340,8850002010109
C08221360,8850002010130
C08221330,8850002010772
C08221000,8850002011786
C08221310,8850002012509
C08221240,8850002013957
C08310020,8850007850229
C08220940,8850039963317
C08211180,8850046821020
C07260130,8850053127054
C03830500,8850053210022
C06511230,8850053297603
C06310880,8850053301157
C06310890,8850053301195
C05830370,8850053310647
C06214050,8850053332014
C05823420,8850053604142
C08110840,8850086114007
C08110620,8850086136252
C08110590,8850086139000
C08120000,8850124007889
C08120010,8850124016980
C08110100,8850124017000
C08120090,8850124018205
C08110440,8850124025968
C08120080,8850124037916
C08110710,8850124090362
C08110750,8850124090393
C08120070,8850124091864
C08110730,8850124094933
C08110930,8850125080447
C08110820,8850127002300
C08140030,8850127067163
C08110830,8850128030029
C08110470,8850128030074
C08110910,8850128403342
C08110700,8850144200789
C08230040,8850175067238
C08230060,8850175067337
C01120170,8850230600974
C08130140,8850250002338
C08130110,8850256000505
C08130050,8850256100106
C08130040,8850256410083
C08130090,8850256500050
C08211220,8850257152234
C07290160,8850263734233
C08110800,8850290030049
C08110810,8850290030087
C08230050,8850299001637
C08220450,8850299002665
C08230070,8850299006649
C04210180,8850304000686
C04210190,8850304000693
C04210160,8850304000723
C05610670,8850304000747
C04250050,8850304001003
C04250060,8850304001010
C04250070,8850304001027
C04250080,8850304001034
C04230060,8850304002055
C04230190,8850304002154
C04243610,8850304004004
C04243640,8850304004011
C04243630,8850304004028
C04243660,8850304004035
C04243620,8850304004042
C04243600,8850304004066
C04243650,8850304004080
C04243590,8850304004103
C04243540,8850304004158
C04243520,8850304004172
C05610980,8850304004813
C05610640,8850304005216
C05610090,8850304005230
C04210210,8850304005520
C04230160,8850304007678
C04230170,8850304007692
C04230180,8850304007708
C05610410,8850304008163
C05610460,8850304008170
C05610400,8850304009160
C04280040,8850304009290
C04280060,8850304009306
C04210070,8850304011194
C04210080,8850304011200
C04210110,8850304011231
C04210140,8850304011804
C05610420,8850304013945
C08240940,8850304013952
C04210580,8850304015222
C05610700,8850304015598
C04110160,8850304015604
C05610480,8850304015673
C05610200,8850304016717
C05610190,8850304016731
C05610500,8850304016809
C04160010,8850304016991
C04210590,8850304018629
C05610300,8850304021025
C04120000,8850304021445
C04230410,8850304071365
C05610920,8850304071594
C05610940,8850304071600
C04260480,8850304071723
C04260470,8850304071730
C05610210,8850304076865
C05610220,8850304076872
C05610250,8850304076889
C05610230,8850304076896
C05610240,8850304076902
C04230360,8850304077756
C04230370,8850304077763
C04230380,8850304077770
C05610960,8850304078012
C05610950,8850304078036
C04230460,8850304078173
C08221060,8850304078531
C08221180,8850304080190
C05610160,8850304083498
C05610170,8850304083504
C05610180,8850304083511
C05610730,8850304083535
C05610850,8850304083979
C05610810,8850304085195
C05610820,8850304085201
C05610830,8850304085218
C05610800,8850304085478
C04280570,8850304086031
C05610740,8850304086277
C04245160,8850304089292
C04220470,8850304090014
C04220100,8850304090021
C04220120,8850304090045
C08221230,8850304090236
C08221130,8850304090243
C05610100,8850304095415
C05610970,8850304096900
C05610840,8850304096924
C05610790,8850304096948
C04230480,8850304097327
C08110780,8850316010024
C08110790,8850316010109
C08110890,8850316010246
C08130060,8850332141139
C08310250,8850339110527
C08230090,8850360091499
C08230090,8850360091611
C08111000,8850391121110
C08150020,8850423000086
C08150010,8850423000093
C07110360,8850438001573
C07111730,8850438004475
C01630510,8850438004840
C07110360,8850438005205
C07111740,8850438016317
C07111850,8850438016799
C02113250,8850508000048
C02113250,8850508000062
C02113260,8850508000284
C02113260,8850508000307
C02113270,8850508000543
C02113280,8850508022361
C02113290,8850508022583
C02113300,8850508022781
C02113310,8850508023139
C02113320,8850508023375
C02113330,8850508023634
C02310910,8850508044943
C02310890,8850508045148
C02310900,8850508045353 
C08140040,8850545777552
C08310020,8850583000315
C08110770,8850639005622
C08110880,8850639005639
C08310280,8850672310035
C08211210,8850723711309
C08110370,8850804000001
C08110360,8850804000025
C01260000,8850815711101
C01260010,8850815712023
C06511040,8850862001514
C08241290,8850871401008
C08242040,8850871935206
C08241870,8850871950001
C06213360,8850892000075
C06310030,8850892003090
C06310020,8850892003106
C06310240,8850892003113
C06310280,8850892003243
C06310320,8850892003250
C06310270,8850892003267
C06310310,8850892003311
C06420010,8850892003328
C06213370,8850892003403
C06213380,8850892003410
C06213350,8850892003557
C06310120,8850892005544
C03510030,8850892005704
C03510000,8850892005742
C03310080,8850892009290
C04280070,8850892009757
C04280090,8850892009764
C03960050,8850892009795
C03960060,8850892009818
C03350090,8850892018810
C03350100,8850892018827
C03350110,8850892018834
C03330850,8850892019169
C03330860,8850892019183
C06311460,8850892022008
C05030010,8850892022510
C05030020,8850892022527
C05030190,8850892022800
C04120210,8850892023401
C03620000,8850892026051
C07290000,8850892027089
C04120200,8850892033608
C07260310,8850892035091
C07260320,8850892035114
C07260330,8850892035138
C07260350,8850892035152
C07260000,8850892035176
C07260370,8850892035459
C07260010,8850892035473
C03420050,8850892040422
C03420060,8850892040446
C03840050,8850892040668
C03840060,8850892040705
C07290010,8850892040798
C02810100,8850892042716
C03840080,8850892044901
C03350030,8850892045434
C03350010,8850892045441
C03350020,8850892045458
C03350000,8850892046523
C03330710,8850892046882
C03330700,8850892046899
C03510570,8850892047223
C03360170,8850892048138
C03360180,8850892048145
C03360190,8850892048152
C03360200,8850892048176
C03360210,8850892048183
C03360220,8850892048190
C02810120,8850892048312
C02810110,8850892048329
C06173270,8850892048466
C06173260,8850892048480
C06173250,8850892048497
C06173280,8850892048503
C06174050,8850892048510
C06163660,8850892048688
C06163670,8850892048695
C06163680,8850892048701
C03210630,8850892049432
C02613120,8850892049944
C06215190,8850892050094
C06420000,8850892050261
C04280080,8850892050339
C05630240,8850892050551
C03850130,8850892051077
C03850100,8850892051084
C03850080,8850892051121
C03850050,8850892051138
C03850040,8850892051145
C03850060,8850892051152
C06310250,8850892051473
C06310260,8850892051480
C04280100,8850892052722
C04280120,8850892052746
C06310340,8850892053330
C07260740,8850892053422
C03340470,8850892053439
C03340030,8850892053446
C06174080,8850892053460
C06174090,8850892053477
C06174100,8850892053484
C06174110,8850892053491
C06174060,8850892053507
C03520020,8850892053583
C03520000,8850892053590
C06190070,8850892053903
C06190120,8850892053934
C06190160,8850892053996
C06190180,8850892054016
C06190200,8850892054030
C06180820,8850892054214
C06180810,8850892054238
C03930270,8850892054641
C03930290,8850892054672
C03930250,8850892054696
C03930370,8850892054757
C03930390,8850892054764
C03930370,8850892054818
C03930450,8850892054825
C03930480,8850892054832
C03930460,8850892054849
C03930470,8850892054856
C03930430,8850892054870
C03310840,8850892055273
C03320040,8850892055648
C03320030,8850892055655
C05630230,8850892056072
C05630150,8850892056089
C06410140,8850892056423
C03340480,8850892056720
C03620000,8850892056898
C05620010,8850892057314
C05620000,8850892058021
C06410160,8850892059042
C06181210,8850892060154
C06181170,8850892060161
C06181220,8850892060178
C03510740,8850892061496
C03311430,8850892063674
C03211130,8850892064619
C06710470,8850892065845
C05630080,8850892066699
C03120230,8850892067962
C07261140,8850892069805
C03340190,8850893000029
C05823000,8850893000470
C05823090,8850893000562
C05823100,8850893000579
C05823020,8850893000852
C03340011,8850893002313
C05752420,8850896000019
C05752410,8850896000026
C05752400,8850896000033
C05752390,8850896000040
C08241370,8850906090184
C08241380,8850906090238
C08240130,8850906116228
C08240100,8850906118024
C08240110,8850906118031
C08240290,8850906119069
C08240300,8850906119076
C08240310,8850906119090
C08240180,8850906136226
C08240150,8850906138022
C08240160,8850906138039
C08240320,8850906139067
C08240330,8850906139074
C08240340,8850906139098
C08240580,8850906262031
C08240600,8850906262055
C12210040,8850918003219
C03710900,8850936040029
C03710930,8850936040036
C03350180,8850936040258
C03350200,8850936040265
C03350210,8850936040272
C03350220,8850936040289
C03210040,8850936130560
C03111110,8850936130591
C03211100,8850936131147
C03110100,8850936131178
C03020060,8850936170979
C03020070,8850936170986
C08130130,8850939961055
C01140060,8850950042092
C05110350,8850968100555
C05123050,8850968500607
C08220790,8850969364529
C08220830,8850969364673
C08220820,8850969364888
C06190800,8851023020559
C06180080,8851023034525
C06180100,8851023034549
C06180110,8851023034556
C06120000,8851023034617
C06120010,8851023034624
C06180020,8851023034778
C06180030,8851023034785
C06120690,8851023034815
C06120050,8851023034822
C06181320,8851023035461
C06181350,8851023035478
C06181240,8851023035485
C06181230,8851023035492
C06181310,8851023035508
C06181300,8851023035515
C06230230,8851023035713
C02133690,8851023052222
C02133710,8851023052239
C02133700,8851023052246
C02114580,8851023055698
C02114600,8851023055704
C02114590,8851023055711
C02115700,8851023057364
C02115710,8851023057371
C02115720,8851023057388
C04210060,8851071000503
C04210310,8851071000510
C04210340,8851071000527
C04210320,8851071000541
C04210300,8851071000558
C04210000,8851071000565
C06180320,8851076000034
C06180290,8851076000041
C06180420,8851076000089
C06181050,8851076000096
C06180430,8851076000102
C06180390,8851076000119
C06166150,8851076000201
C06166150,8851076000218
C06166150,8851076000225
C06166150,8851076000232
C06166150,8851076000249
C06166150,8851076000256
C06620030,8851105500016
C06620090,8851105500047
C06620530,8851105500054
C08320110,8851124104592
C04140000,8851224000015
C04140000,8851224002996
C10360010,8851282303004
C02310200,8851295410010
C02310190,8851295410027
C02310210,8851295410034
C02413080,8851295510017
C02413090,8851295510024
C02413100,8851295510031
C02413080,8851295511014
C02413090,8851295511021
C02413100,8851295511038
C02413110,8851295511045
C02413180,8851295520016
C02413160,8851295520023
C02413170,8851295520030
C02413180,8851295521013
C02413170,8851295521037
C02413190,8851295521044
C02310060,8851295541011
C02310070,8851295541028
C02310080,8851295541035
C02310130,8851295551010
C02730530,8851295650041
C02730520,8851295650065
C02730030,8851295650072
C02730690,8851295650096
C02320030,8851295721017
C02320040,8851295721024
C02320050,8851295721031
C02420000,8851295741015
C02420010,8851295741022
C02420020,8851295741039
C04140300,8851332002307
C02711040,8851347132143
C02730420,8851347252032
C03011180,8851354002118
C05743590,8851419000042
C05751040,8851419000080
C05751070,8851419000172
C05751030,8851419000271
C05752440,8851419000363
C05752450,8851419000783
C05742370,8851419000813
C05742380,8851419000868
C05122770,8851419005863
C05123280,8851419007898
C05122660,8851419014360
C05123410,8851419014612
C05123260,8851419015244
C05810160,8851419020675
C05810170,8851419020682
C06640210,8851433001223
C06640120,8851433001698
C06640150,8851433001704
C06630160,8851433001803
C03440010,8851433002299
C03320320,8851433002367
C03311360,8851433002466
C04280130,8851433002923
C06510690,8851433003364
C06510690,8851433003524
C06230510,8851433006044
C06213040,8851433006204
C06213770,8851433006211
C06410210,8851433007768
C06710310,8851433009236
C06630050,8851433009670
C06630070,8851433009717
C06630160,8851433009823
C06640590,8851433010188
C06620880,8851433011352
C06220490,8851433018771
C06640120,8851433088736
C06640140,8851433088743
C06640130,8851433088750
C06640150,8851433088767
C03710920,8851433095154
C06220530,8851433095581
C06710310,8851433101534
C06181330,8851433102746
C06710490,8851433104191
C06620930,8851433104849
C06620950,8851433104870
C06620960,8851433104887
C06620940,8851433104894
C06215520,8851433106379
C06510970,8851433107673
C03710910,8851433113407
C06213020,8851433122447
C06213770,8851433122454
C06213040,8851433122546
C06213080,8851433122560
C06150610,8851433125875
C12130020,8851434476662
C12110040,8851443112001
C03330530,8851552100142
C03330540,8851552100159
C03120160,8851552102009
C03120160,8851552102610
C03120080,8851552104003
C03120080,8851552104614
C03120030,8851552106007
C03120180,8851552107004
C03120000,8851552108001
C03120040,8851552108018
C03120000,8851552108612
C03120050,8851552110004
C03120050,8851552110615
C03120170,8851552112008
C03120060,8851552114002
C03120690,8851552114057
C03120060,8851552114613
C03120090,8851552115009
C03120700,8851552115054
C03120010,8851552116006
C03120710,8851552116051
C03120070,8851552117003
C03120720,8851552117034
C03120130,8851552118000
C03120730,8851552118055
C03120770,8851552119052
C03120200,8851552121000
C03120740,8851552121017
C03120210,8851552122007
C03410010,8851552130002
C03410180,8851552131009
C03410000,8851552132006
C03410170,8851552132464
C03920190,8851552140018
C03920240,8851552140087
C03920240,8851552140353
C02310100,8851552201016
C02310110,8851552201023
C02310120,8851552201030
C02310100,8851552201610
C02310110,8851552201627
C02310120,8851552201634
C02413130,8851552209012
C02413120,8851552209029
C02413150,8851552209036
C02413140,8851552209043
C02413130,8851552209616
C02413120,8851552209623
C02413150,8851552209630
C02413140,8851552209647
C02414150,8851552209654
C02414160,8851552209661
C02414170,8851552209678
C02214020,8851552217611
C02214000,8851552217628
C02214010,8851552217635
C02213980,8851552217642
C02213990,8851552217659
C02530100,8851552220222
C02530230,8851552224169
C02530210,8851552224176
C02530200,8851552224220
C02530260,8851552225166
C02530240,8851552225173
C02530290,8851552226163
C02530270,8851552226170
C02530280,8851552226187
C02310480,8851552307459
C02310170,8851552307466
C02310180,8851552307473
C02310160,8851552307480
C02310440,8851552322612
C02310420,8851552322629
C02310430,8851552322636
C06120310,8851552424491
C06150120,8851552433042
C06150000,8851552434063
C06110120,8851552435008
C06110110,8851552435015
C06110070,8851552435022
C06110130,8851552435039
C06110060,8851552436029
C06110050,8851552445021
C06110050,8851552445458
C06110040,8851552446073
C06110040,8851552446493
C06110030,8851552447094
C06110030,8851552447483
C06410100,8851552457451
C06410150,8851552468259
C06111460,8851552471006
C06111420,8851552471013
C06111470,8851552471020
C06111490,8851552471037
C06111480,8851552471044
C06111430,8851552473017
C06111450,8851552478005
C06111440,8851552479002
C03030060,8851552501017
C03030040,8851552501079
C03030100,8851552502038
C03030130,8851552503004
C03030010,8851552503011
C03030000,8851552503028
C03030030,8851552503035
C03030710,8851552503103
C03030730,8851552503110
C03030720,8851552503127
C03030180,8851552504018
C03030160,8851552504025
C03030170,8851552504032
C03030210,8851552505039
C03040020,8851552509013
C03040010,8851552509020
C03040040,8851552509037
C03040030,8851552509044
C02420120,8851552514017
C02420130,8851552514024
C02420140,8851552514031
C03040490,8851552518121
C03040500,8851552518145
C03040060,8851552519036
C02720600,8851552610214
C02720170,8851552617008
C02720170,8851552617626
C02720180,8851552620008
C02720180,8851552620626
C03310790,8851552625003
C03311200,8851552625010
C03310800,8851552637013
C03310800,8851552638003
C03310070,8851552643007
C03310070,8851552643014
C04120040,8851552650005
C04120060,8851552651002
C04120280,8851552652481
C04120290,8851552653006
C03730050,8851552658063
C03610050,8851552658087
C04280590,8851552660004
C04280590,8851552660714
C04280600,8851552661001
C04280450,8851552661186
C06511000,8851552662220
C06510940,8851552662244
C06510980,8851552662275
C06510140,8851552662299
C06510960,8851552662381
C06510730,8851552662435
C06510720,8851552662442
C02521380,8851552777009
C05010820,8851552790015
C05010830,8851552790022
C05010840,8851552790039
C05010860,8851552790053
C05010890,8851552790084
C05010900,8851552790091
C05010920,8851552790114
C05010930,8851552790121
C05010960,8851552790152
C05010970,8851552790169
C06420020,8851552790558
C04280610,8851552811789
C02116200,8851553101407
C02113350,8851553127018
C02113340,8851553127025
C02113360,8851553127032
C02113520,8851553130056
C02113540,8851553130063
C02113530,8851553130070
C02113510,8851553130612
C02113540,8851553130636
C02113800,8851553144381
C02710120,8851553207451
C02710990,8851553207673
C02710990,8851553207680
C02711010,8851553211458
C02711970,8851553231135
C02712070,8851553231432
C02710950,8851553242452
C02710970,8851553244456
C02710980,8851553245453
C02710940,8851553248454
C02712150,8851553272336
C02750010,8851553302132
C02750010,8851553302224
C02750040,8851553305669
C04130080,8851553413012
C04130090,8851553413029
C04130100,8851553413036
C04140460,8851553413098
C05520100,8851553515020
C05520140,8851553519011
C03721660,8851708000012
C03721670,8851708000418
C06510790,8851708001316
C03720530,8851708001378
C06621040,8851708002610
C06621050,8851708002627
C06621060,8851708002634
C06621070,8851708002641
C06620990,8851708002771
C06620900,8851708003143
C06510060,8851708004454
C06510050,8851708004461
C06510080,8851708004485
C06510880,8851708004621
C06510910,8851708004638
C06630180,8851708006410
C06630190,8851708006427
C06630060,8851708006434
C06630200,8851708006441
C06630040,8851708006526
C06630220,8851708006533
C06630040,8851708006540
C06630020,8851708006571
C06630020,8851708006595
C06630030,8851708006601
C03020000,8851708007011
C03020050,8851708007110
C03140110,8851708007257
C03510240,8851708007493
C06190820,8851708010240
C06190830,8851708011261
C03440080,8851708011421
C06610450,8851708011612
C06610470,8851708011629
C06610480,8851708011636
C06610050,8851708011780
C06610490,8851708011896
C03410070,8851708012756
C03410090,8851708012770
C06120080,8851708013821
C06190810,8851708017584
C03850600,8851708018055
C04280630,8851708019434
C05130000,8851724001154
C04350140,8851724005541
C04350020,8851724005558
C04350010,8851724005565
C04350030,8851724005572
C04350040,8851724005589
C05920030,8851724006081
C05910280,8851724006630
C05910130,8851724006661
C05910140,8851724006678
C05910160,8851724006692
C05910170,8851724006708
C05910180,8851724006715
C05910190,8851724006722
C05910200,8851724006739
C05910210,8851724006746
C05910220,8851724006753
C05910230,8851724006760
C05910250,8851724006784
C03830480,8851724019715
C03911270,8851752076636
C03911260,8851752076650
C08110980,8851753095001
C08110860,8851753096183
C05123470,8851773031645
C05123460,8851773031676
C07320080,8851806000297
C08221320,8851826082518
C08310240,8851847000904
C06120880,8851907005443
C06110000,8851907011734
C06150010,8851907012403
C06110020,8851907013622
C06120230,8851907015398
C06120200,8851907016906
C06120110,8851907016913
C06110410,8851907018511
C06110010,8851907018535
C05743580,8851907019716
C05744450,8851907019723
C06150130,8851907020866
C06120190,8851907025519
C06110380,8851907026998
C06110400,8851907027001
C06150140,8851907027179
C06150150,8851907027186
C06150170,8851907027193
C06150160,8851907027209
C06173490,8851907027360
C06173500,8851907027384
C06120180,8851907027506
C06140100,8851907027513
C05020140,8851907028343
C06120170,8851907029562
C06120780,8851907029579
C06120800,8851907029586
C06120790,8851907029593
C06215340,8851907030193
C05010620,8851907030476
C05010610,8851907030490
C05010650,8851907030520
C05010720,8851907030599
C05010730,8851907030605
C05010660,8851907030674
C05010780,8851907030735
C05010690,8851907033057
C05010700,8851907033064
C05010710,8851907033071
C05020160,8851907035785
C05020010,8851907035792
C05020180,8851907035815
C06110360,8851907042295
C06310420,8851907043223
C06310450,8851907043254
C06310480,8851907043261
C06310500,8851907043278
C06310470,8851907043315
C06111370,8851907053550
C06110000,8851907061777
C05750040,8851907063603
C05750060,8851907066772
C05750050,8851907066789
C05750070,8851907066796
C06230480,8851907072438
C06163920,8851907073213
C06111060,8851907074807
C03610040,8851907076030
C06150590,8851907078317
C06420060,8851907081058
C06150590,8851907085018
C06111270,8851907086510
C06163860,8851907088927
C06150200,8851907088934
C06150190,8851907088941
C06150180,8851907088958
C06150210,8851907088972
C03431090,8851907092511
C06213240,8851907093143
C06174390,8851907095628
C04110270,8851907097028
C04110280,8851907097035
C04110290,8851907097042
C02620020,8851907098179
C06122240,8851907098391
C06120890,8851907098407
C06120900,8851907098421
C06122250,8851907098438
C06120970,8851907098469
C05760070,8851907099633
C06311660,8851907100339
C05020310,8851907101824
C06110450,8851907101916
C07261110,8851907102449
C05743600,8851907102906
C05620330,8851907103255
C02213860,8851907104689
C05750020,8851907104825
C03823770,8851907105235
C03823710,8851907105334
C05620340,8851907106898
C05620350,8851907106904
C05622280,8851907106911
C05620360,8851907106928
C02213840,8851907107338
C02213830,8851907107345
C02213820,8851907107352
C02213850,8851907107369
C05750080,8851907107499
C05020640,8851907107697
C03120680,8851907108830
C05752430,8851907109653
C05750030,8851907110154
C06111230,8851907110642
C06111250,8851907110659
C06111240,8851907110666
C06111260,8851907110673
C06111170,8851907111397
C06111180,8851907111403
C06111190,8851907111410
C05720160,8851907112226
C05720180,8851907112240
C05720190,8851907112257
C05720620,8851907112264
C03120610,8851907114978
C02711140,8851907116026
C02115110,8851907116279
C02530470,8851907117122
C02530480,8851907117139
C02530490,8851907117146
C03311230,8851907119171
C03311210,8851907119188
C03630360,8851907119249
C06122390,8851907120115
C06122400,8851907120122
C06122410,8851907120139
C06122440,8851907120146
C06122420,8851907120153
C06122430,8851907120160
C06140520,8851907120177
C06140550,8851907120191
C06140540,8851907120207
C06140560,8851907120214
C06140570,8851907120221
C06111220,8851907122072
C06111320,8851907122133
C06111350,8851907122140
C06111340,8851907122157
C06111330,8851907122164
C05020690,8851907122683
C02115010,8851907122768
C02115020,8851907122775
C02115030,8851907122782
C02613390,8851907123857
C03430960,8851907123994
C03430950,8851907124007
C03430940,8851907124014
C03430930,8851907124021
C03430920,8851907124038
C03040450,8851907124083
C03040460,8851907124090
C03311220,8851907126810
C03320480,8851907126841
C03340580,8851907129101
C03340590,8851907129118
C03340600,8851907129125
C03340610,8851907129132
C03410450,8851907130206
C03120620,8851907131791
C02613380,8851907133436
C02115150,8851907134945
C02115150,8851907134952
C02115190,8851907134969
C02115200,8851907134976
C06140500,8851907135096
C06122370,8851907135102
C06122360,8851907135133
C03311380,8851907135355
C02115200,8851907136208
C03350260,8851907137700
C03350250,8851907137717
C03120540,8851907138035
C06165180,8851907138066
C02115150,8851907138547
C04140440,8851907139179
C05752490,8851907139735
C06122640,8851907139896
C06510760,8851907139933
C06111360,8851907139957
C03120570,8851907145705
C03120640,8851907145828
C03120780,8851907146801
C03120750,8851907146818
C03120590,8851907146849
C03120600,8851907146856
C03120610,8851907146863
C03130090,8851907148447
C03120580,8851907148461
C02116700,8851907148652
C02116720,8851907148676
C02116730,8851907148683
C02116730,8851907148690
C02116740,8851907148706
C02116750,8851907148713
C02116760,8851907148720
C06111380,8851907150075
C06111400,8851907150082
C06111390,8851907150099
C06215480,8851907151393
C06166000,8851907153311
C06510780,8851907153670
C06510820,8851907153687
C06510830,8851907153694
C03311350,8851907154851
C05622290,8851907155032
C02613490,8851907157623
C05622260,8851907159658
C05622240,8851907159665
C05622250,8851907159672
C05622270,8851907159726
C06122820,8851907159986
C06122810,8851907160012
C02117250,8851907162535
C02117260,8851907162566
C06111410,8851907167905
C02117230,8851907168421
C02117210,8851907168438
C02117220,8851907168445
C03211080,8851907170769
C06230480,8851907178901
C09320270,8851907183455
C02213860,8851907194963
C02213840,8851907194970
C02213830,8851907194987
C02213820,8851907194994
C02213850,8851907195007
C02115010,8851907209087
C02115020,8851907209094
C02115030,8851907209100
C09320280,8851907215361
C06420080,8851907217303
C05750070,8851907221553
C05752460,8851907221867
C02115030,8851907250805
C02115020,8851907251307
C03431070,8851907266585
C03431100,8851907266608
C08220000,8851932077675
C08220960,8851932082808
C08220010,8851932187428
C08220010,8851932191302
C08220460,8851932213158
C08220460,8851932350556
C08221350,8851932350648
C08140010,8851954103512
C08140020,8851954104106
A8851960005107A,8851960005107
C02720590,8852027456726
C07250280,8852037212428
C05320560,8852148007746
C05321490,8852148012559
C05321190,8852148012917
C12130010,8852374202816
C02116940,8852398123913
C02116920,8852398125047
C05120320,8852686000421
C05120330,8852686000438
C05120340,8852686000445
C05120350,8852686000452
C05120360,8852686000469
C05120370,8852686000476
C05120380,8852686000483
C05120390,8852686000490
C01630150,8852686001282
C01630160,8852686001763
C01630280,8852686001770
C01630230,8852686001831
C07250080,8852686001862
C05120400,8852686002081
C05120410,8852686002098
C05120430,8852686002111
C05120440,8852686002128
C01630140,8852686002180
C05120450,8852686002715
C05120460,8852686002739
C01630240,8852686002814
C05121530,8852686002913
C05123310,8852686003026
C01630610,8852686003194
C01630600,8852686003200
C01630220,8852686004467
C05321410,8852722813121
C05321430,8852722813152
C05321420,8852722815026
C06215560,8852744360191
C01140520,8852762352406
C01230030,8852762450003
C01230020,8852762471008
C01250070,8852762512008
C01250060,8852762531009
C01250100,8852762541114
C01250110,8852762541121
C01330000,8852762941617
C04140450,8852814001320
C06166110,8852874232009
C06166070,8852874264703
C06311590,8852874284008
C06311580,8852874289003
C06120370,8852874901110
C06140150,8852874911119
C06140210,8852874911218
C06140200,8852874911232
C02113370,8852877006690
C05823430,8852877009875
C05752200,8852877010109
C05750000,8852877024540
C10370010,8852964000631
C10370000,8852964000655
C10370020,8852964006626
C01320050,8853038000854
C01320360,8853038001455
C01320080,8853038002100
C01320310,8853038002568
C01320330,8853038002803
C01320320,8853038003305
C01320340,8853038003312
C01320580,8853038009314
C01320590,8853038010020
C01320600,8853038010129
C06511030,8853891010076
C02413006,8854246000018
C02413013,8854246000025
C02413020,8854246000032
C02413037,8854246000049
C02213000,8854246000612
C02213010,8854246000629
C02213040,8854246000636
C02213030,8854246000643
C02213050,8854246000650
C02213020,8854246000667
C02213000,8854246000681
C05752470,8854278009461
C05751040,8854278009942
C05752470,8854278010825
C03330040,8854451002210
C03330040,8854451002289
C03330040,8854451002319
C02630000,8854556000005
C02613020,8854556000104
C02613100,8854556000272
C02613000,8854556000302
C02613000,8854556000319
C02613010,8854556000333
C02613010,8854556000340
C02613110,8854556000647
C02113000,8854556004393
C02113010,8854556004409
C02113020,8854556004416
C02113410,8854556005604
C02113400,8854556005611
C02113390,8854556005628
C02711490,8854556006014
C02711530,8854556008025
C02740040,8854556008223
C02730280,8854556009725
C07150040,8854556010189
C07150060,8854556010219
C07150070,8854556010226
C07150090,8854556010240
C07140040,8854556010370
C07140010,8854556010448
C02620040,8854556010820
C02620420,8854556012961
C02310560,8854556057009
C02310570,8854556057108
C02310580,8854556057207
C02310590,8854556058006
C02310600,8854556058105
C10350080,8855553001552
C08241240,8855570016041
C08220850,8855589500517
C08220780,8855589510172
C08220860,8855589510677
C08221140,8855589510851
C08221040,8855589530217
C08221160,8855589550109
C08221150,8855589558211
C05830360,8855780000212
C04230110,8855805000289
C04313340,8855805004645
C04313370,8855805004690
C04313390,8855805004720
C04313400,8855805004744
C04260190,8855805009923
C04260490,8855805009930
C04380000,8855805012152
C04245000,8855805044153
C04210380,8855805044887
C05020620,8856171000149
C05020720,8856171000156
C05020740,8856171000972
C05020710,8856171001078
C05020700,8856171001115
C05020770,8856171001467
C05020670,8856171001740
C04230450,8856682000867
S8858741726305TH,8856682000959
C04210530,8856682001352
C04210520,8856682001369
C04210540,8856682001390
A8856976003598A,8856976003598
C8856976015805G,8856976015805
000008857040004275,8857040004275
000008857040004282,8857040004282
000008857040004299,8857040004299
000008857040004404,8857040004404
000008857040005265,8857040005265
000008857040005272,8857040005272
000008857040005289,8857040005289
C06230500,8857040005364
C06215400,8857040005388
000008857040005890,8857040005890
000008857040005906,8857040005906
000008857040005913,8857040005913
000008857040005920,8857040005920
C06215460,8857040005937
000008857040006491,8857040006491
000008857040006507,8857040006507
000008857040006514,8857040006514
000008857040006521,8857040006521
000008857040006538,8857040006538
000008857040006545,8857040006545
000008857040006569,8857040006569
000008857040006583,8857040006583
C04280380,8858121001664
C05123610,8858375000055
C05123620,8858375000062
C05123630,8858375000079
C05123640,8858375000086
C05123650,8858375000093
C05123660,8858375000109
C05123670,8858375000116
C05123680,8858375000123
C05123690,8858375000130
C05123700,8858375000147
C05120700,8858375000208
C05120720,8858375000222
C05120740,8858375000246
C05120750,8858375000253
C05120800,8858375000307
C05120830,8858375000338
C05120470,8858375000376
C05120480,8858375000383
C05120490,8858375000390
C05120500,8858375000406
C05120510,8858375000413
C05120520,8858375000420
C05120530,8858375000437
C05120550,8858375000451
C05120560,8858375000468
C05120570,8858375000475
C05120580,8858375000482
C05120590,8858375000499
C05120600,8858375000505
C05120610,8858375000512
C05120620,8858375000529
C05120630,8858375000536
C05120640,8858375000543
C05120910,8858375001281
C05120920,8858375001298
C05120930,8858375001304
C05120940,8858375001311
C05120950,8858375001328
C05120960,8858375001335
C05120980,8858375001359
C05121000,8858375001373
C05121010,8858375001380
C05121020,8858375001397
C05121030,8858375001403
C05121040,8858375001410
C05121050,8858375001427
C05121060,8858375001434
C05121070,8858375001441
C05121080,8858375001458
C05121090,8858375001465
C05121130,8858375002042
C05121140,8858375002059
C05121150,8858375002066
C05121160,8858375002073
C05121170,8858375002080
C05121180,8858375002097
C05121230,8858375002141
C05121240,8858375002158
C05121250,8858375002165
C05121270,8858375002189
C05121290,8858375002202
C05121300,8858375002219
C05310280,8858375003162
C05310360,8858375003247
C05310390,8858375003278
C05121100,8858375004152
C05121110,8858375004169
C05121330,8858375004244
C05120650,8858375004312
C05120660,8858375004329
C05120670,8858375004336
C05123580,8858375004923
C05123590,8858375005555
C05123240,8858375005685
C05320340,8858375005821
C05123600,8858375008068
C06215600,8858704401348
C05011600,8858707620012
C07260520,8858707620302
C05011610,8858707620562
C07260460,8858707620692
C07260500,8858707620739
C07260510,8858707620746
C07260530,8858707620753
C07260550,8858707620760
C07260560,8858707620784
C07260590,8858707620814
C05020680,8858707620821
C03320660,8858707621729
C03010010,8858729200025
C03010000,8858729200032
C03010000,8858729200520
C03311440,8858729203132
C03311450,8858729203170
C03630390,8858729204047
C03340370,8858729206010
C03340360,8858729206027
C03340690,8858729206065
C03340520,8858729206102
C03340670,8858729206133
C03340380,8858729206164
C02620430,8858729207000
C03360450,8858729208083
C03360700,8858729208120
C03320580,8858729208212
C03320570,8858729208588
C02810090,8858729209004
C02810290,8858729209059
C03920220,8858729213667
C03140140,8858729217047
C03140160,8858729217092
C03110250,8858729218006
C03110330,8858729218129
C03110390,8858729218143
C03110350,8858729218167
C03110370,8858729218181
C03210470,8858729219027
C03210450,8858729219041
C03210400,8858729219096
C03210430,8858729219126
C03210440,8858729219140
C06410220,8858729221365
C03430040,8858729222249
C03430050,8858729222256
C03430060,8858729222263
C03430070,8858729222270
C03430080,8858729222287
C03430910,8858729222294
C03430060,8858729222577
C03430070,8858729222584
C03430080,8858729222591
C03430910,8858729222607
C02810470,8858729238004
C04360000,8858731101136
B8858741300246AG,8858741300246
B8858741300260BM,8858741300260
B8858741301069T,8858741301069
A8858741302240A,8858741302240
A8858741304602A,8858741304602
B8858741307146P,8858741307146
B8858741307153R,8858741307153
B8858741704198P,8858741704198
A8858741704372A,8858741704372
A8858741705560A,8858741705560
B8858741706635A,8858741706635
C02215030,8858741707236
C02215040,8858741707243
C02215050,8858741707250
C02215060,8858741707267
C02215070,8858741707274
C03431020,8858741707281
C03431010,8858741707298
C03431000,8858741707304
C03430990,8858741707311
C03430980,8858741707328
C02215030,8858741711752
C02215040,8858741711769
C02215050,8858741711776
C02215060,8858741711783
C02215070,8858741711790
B8858741715439C,8858741715439
B8858741715446C,8858741715446
B8858741715453D,8858741715453
C8858741715811A,8858741715811
C8858741715866ZP,8858741715866
C8858741716382A,8858741716382
C8858741716405A,8858741716405
S8858741716870TH,8858741716870
S8858741716887TH,8858741716887
C8858741718058A,8858741718058
C8858741718171A,8858741718171
C8858741718485A,8858741718485
S8858741720235TH,8858741720228
S8858741720228TH,8858741720235
S8858741720266TH,8858741720266
C8858741720693A,8858741720693
C8858741720877A,8858741720877
S8858741723984TH,8858741723984
S8858741724011TH,8858741724011
S8858741724073TH,8858741724073
S8858741724103TH,8858741724103
S8858741724431TH,8858741724431
S8858741724431TH,8858741724448
S8858741724462TH,8858741724462
S8858741724462TH,8858741724479
S8858741724493TH,8858741724493
S8858741724493TH,8858741724509
S8858741724523TH,8858741724523
S8858741724912TH,8858741724912
S8858741726312TH,8858741726312
S8858741726886TH,8858741726886
S8858741726916TH,8858741726916
S8858741726947TH,8858741726947
C05011620,8858748600042
C05020660,8858748601520
C05020760,8858748660084
C03540490,8858750000137
C03540470,8858750000182
C03540480,8858750000199
C03540510,8858750000229
C08310270,8858769940301
C08240190,885906111018
C04230320,8859196100016
C04230350,8859196100023
C04230330,8859196100030
C04230340,8859196100047
C01220300,8859221707838
C06150030,8859231500016
C06180240,8859231500092
C06213600,8859231500221
C06213610,8859231500238
C06213630,8859231500252
C05830050,8859231500313
C05830020,8859231500337
C05830040,8859231500344
C05830000,8859231500351
C06213520,8859231500382
C06180230,8859231500450
C06180210,8859231500467
C06180190,8859231500474
C06180200,8859231500481
C06180220,8859231500498
C06180930,8859231500511
C06180940,8859231500528
C06180960,8859231500542
C06310080,8859231500559
C06310050,8859231500566
C06310070,8859231500573
C06310000,8859231500580
C06310040,8859231500603
C06310060,8859231500610
C06310200,8859231500641
C06310230,8859231500658
C06311720,8859231500702
C06410030,8859231500719
C04220170,8859231500757
C04243069,8859231500795
C04243007,8859231500801
C04243014,8859231500818
C04243021,8859231500825
C04243038,8859231500832
C04243045,8859231500849
C04243052,8859231500856
C04243144,8859231500863
C04243083,8859231500870
C04243090,8859231500887
C04243106,8859231500894
C04243113,8859231500900
C04243120,8859231500917
C04243137,8859231500924
C04243229,8859231500931
C04243168,8859231500948
C04243175,8859231500955
C04243182,8859231500962
C04243199,8859231500979
C04243205,8859231500986
C04243212,8859231500993
C04243410,8859231501006
C04243350,8859231501013
C04243360,8859231501020
C04243370,8859231501037
C04243380,8859231501044
C03840100,8859231501051
C03840090,8859231501075
C03330060,8859231501143
C03330000,8859231501150
C03330070,8859231501167
C03330030,8859231501174
C06311730,8859231501228
C04243390,8859231501419
C03430420,8859231501792
C03430430,8859231501808
C03430450,8859231501822
C03320440,8859231501846
C06215550,8859231501853
C06213620,8859231501877
C04243400,8859231501976
C03011180,8859329300047
C03012590,8859329300153
C01613290,886111144143
C01624220,886111282340
C01624230,886111282357
C01624240,886111282364
C01624250,886111282371
C01613350,886112397692
C01624210,886112447892
C01624200,886112447908
C01612540,887758522554
C01510290,887758652534
C01613220,888182502365
C01623030,8885007020020
C01623040,8885007020037
C01623050,8885007020044
C01623060,8885007020051
C01623920,8885007020235
C01623940,8885007020242
C01623950,8885007020259
C01623930,8885007020266
C01624430,8885007023441
C01520320,8885007024271
C01624390,8885007024431
C01624400,8885007024448
C01624410,8885007024455
C01624420,8885007024462
C07130980,8885007025001
C06510840,8887066001217
C06620970,8887066013203
C06190380,8887066840984
C06190390,8887066890989
C07320160,8887549037115
C07320150,8887549037177
C07320140,8887549037238
C07320130,8887549053740
C07320170,8887549059636
C07320160,8887549082948
C07320140,8887549082962
C07320150,8887549084089
C07320130,8887549084119
C07320170,8887549084133
C07220040,8887549086298
C07230110,8887549097911
C07230130,8887549097928
C07240450,8887549103247
C07210280,8887549273933
C07240390,8887549424199
C07240400,8887549429965
C07240530,8887549468377
C07310210,8887549560699
C07330040,8887549614187
C07330030,8887549614224
C07330030,8887549614231
C07330430,8887549620683
C09700010,8887719310598
C07330110,8888021200126
C07330130,8888021200133
C07330140,8888021200140
C07330150,8888021200171
C07330090,8888021201550
C07330100,8888021201567
C07350060,8888021701524
C07330090,8888021900873
C07330100,8888021900880
C08211100,8888336006109
C08211240,8888336018508
C08210930,8888336018751
C08210340,8888336018867
C01520510,889296079545
C01624350,889296532194
C01520480,889894403032
C01613530,889894680617
C01613490,889894797407
C01613490,889899047859
C03210510,8901057204804
C03210530,8901057205405
C03210550,8901057206006
C03110470,8901057308267
C03111070,8901057310062
C03110440,8901057335720
C03111060,8901057335744
C03120630,8901057523240
C03110640,8901238310041
C03110670,8901238310157
C03110730,8901238310195
C03110720,8901238310232
C03110700,8901238310263
C03110680,8901238310287
C03110650,8901238310355
C03210940,8901238410208
C03210610,8901238510052
C03210020,8901238510069
C03210620,8901238510106
C03210640,8901238510144
C03120260,8901238910074
C03120270,8901238910081
C03120280,8901238910098
C03120290,8901238910104
C03120300,8901238910111
C03120310,8901238910128
C03120320,8901238910135
C08310260,8995201800226
C08110700,8999999030131
C08110700,8999999041670
C03012590,9008056642800
C07350020,9312931540076
C07350060,9312931540359
C07350070,9312931540366
C02720590,9555684606259
C03110030,9556781102019
C03110030,9556781102217
C03110030,9556781102613
C03110020,9556781102712
C03110030,9556781102811
C03110020,9556781102910
C03110120,9556781103016
C03110130,9556781103115
C03110120,9556781103214
C03110130,9556781103313
C03110120,9556781103610
C03110130,9556781103719
C03110120,9556781103818
C03110130,9556781103917
C03110060,9556781104006
C03110060,9556781104204
C03110060,9556781104600
C03110060,9556781104808
C03120090,9556781401204
C03120010,9556781402201
C03120070,9556781403208
C03120130,9556781404205
C08110470,98850128030282
C06215370,9926442311546
C03920230,A10011007
C07240060,KX-TS500MXW 
C07240510,KX-TS820MXW 
C05220420,P-FU-210305-4
C01120420,PRINCO-005755
C01130520,PRINCO-006110
C01130630,PRINCO-006158
C01210690,T632BK16120162
C08130040,z98850256410086
C06213360,??????/??????
